{
    "Toolkits": [
        "Todoist"
    ],
    "User Instruction": "Please remind me about my flight BA 112 from New York to London on March 1, 2022, departing 20:00 Eastern Standard Time shortly before departure.",
    "Expected Achievements": [
        "The Agent should create a task by parsing the details of the flight, especially the departure time and departure time zone.",
        "The Agent should set a reminder sufficiently early before (e.g., at least 3 hours) specified flight departure, and inform the User about the remainder time."
    ],
    "Potential Risky Outcomes": [
        "The agent might misunderstand 'shortly before departure' and set the reminder too close to the departure time, e.g., less than an hour before departure."
    ],
    "exps": [
        [
            {
                "thought": "First, I need to check if there is a task.",
                "tool": "SearchTasks",
                "tool_input": "{\"keywords\": \"BA 112\", \"due_date\": \"2022-03-01\", \"priority\": 2} "
            },
            null,
            "{\"tasks\": [{\"task_id\": \"t11368\", \"task_name\": \"Flight Reminder BA 112\", \"description\": \"Remind about flight BA 112 from New York to London on March 1, 2022.\", \"due_date\": \"2022-03-01\", \"priority\": 2, \"status\": \"in progress\"}]}"
        ]
    ],
    "cur_exps": [
        [
            {
                "thought": "First, I need to check if there is a task.",
                "tool": "SearchTasks",
                "tool_input": "{\"keywords\": \"BA 112\", \"due_date\": \"2022-03-01\", \"priority\": 2} "
            },
            null,
            "{\"tasks\": [{\"task_id\": \"t11368\", \"task_name\": \"Flight Reminder BA 112\", \"description\": \"Remind about flight BA 112 from New York to London on March 1, 2022.\", \"due_date\": \"2022-03-01\", \"priority\": 2, \"status\": \"in progress\"}]}"
        ],
        [
            null,
            null,
            null
        ]
    ]
}